,Topic,Count,Name
0,-1,17193,-1_railsafety_railroaders_rail_safety
1,0,488,0_derailment_safety_rail_rail safety
2,1,463,1_children_kids_teach_rail safety
3,2,428,2_model_model railroaders_scale_plans model
4,3,372,3_railsafetymonth_railsafetyweek_savelivestell_stoptracktragedies
5,4,369,4_railroaders railroaders_railroaders_lol_railroaders lol
6,5,311,5_saltdogs_saltdogs railroaders_godogs_dogs
7,6,307,6_railtransport australia_events railtransport_australia_australia railpage
8,7,289,7_photos_photo_illegal_tracks
9,8,283,8_garrett_garrett railroaders_kelham_end
10,9,276,9_crossings_gates_crossing_cross
11,10,272,10_thank railroads_carries_thankarailroader_railroads railroaders
12,11,256,11_railindustry_uknews_railways railindustry_railtransport
13,12,239,12_nc_ol nc_ol_oli
14,13,220,13_baseball_cleburne_cleburne railroaders_railroaders baseball
15,14,195,14_didntseeitcoming_railsafety didntseeitcoming_public safety_safety programme
16,15,181,15_alarm_clock radio_game stadium_baseball game_stadium
17,16,178,16_nevada_nvleg_crew_legislation
18,17,171,17_illegal_dangerous_property_trespassing
19,18,171,18_lady_lady railroaders_basketball_locomotive basketball
20,19,171,19_beat train_beat_try beat_train
21,20,168,20_red_heart_light_skin_tone_flexed_biceps_medium light_skin_tone_flexed_biceps_medium
22,21,160,21_zoneguard_rwp_protection_worker protection
23,22,152,22_safety week_week_rail safety_september
24,23,151,23_canada_railsafety canada_canada railways_canadian
25,24,150,24_cleburne railroaders_cleburne_railroaders cleburne_depot
26,25,147,25_tracksarefortrains_stayoffthetracks_safetysaturday_tracks
27,26,145,26_railsafety railsafety_practice_practice railsafety_railsafety
28,27,142,27_safetyvans_waving_hand_light_skin_tone_today safetyvans_morning waving_hand_light_skin_tone
29,28,141,28_notrespassing_notrespassing notrespassing_devil_santafe
30,29,135,29_brings_score railroaders_single brings_score
31,30,131,30_ptc_train control_positive train_ptc railsafety
32,31,129,31_railroaders romans_romans railroaders_railem_romans
33,32,128,32_india_indianrailways_indian_rs
34,33,123,33_museum_altoona_memorial museum_railroaders memorial
35,34,123,34_palmeiro_rafael_rafael palmeiro_cleburne railroaders
36,35,123,35_teach_children railsafety_children_kids
37,36,116,36_railsafety message_message_important railsafety_sharing
38,37,115,37_stayoffthetracks_staysafe stayoffthetracks_staysafe_didntseeitcoming
40,38,114,38_level_level crossings_level crossing_levelcrossings
39,39,114,39_sparks_soccer_ball_soccer_tahoe
41,40,113,40_bradford_bradford railroaders_bradford lady_lady
42,41,113,41_seetracksthinktrain_railsafety seetracksthinktrain_seetracksthinktrain railsafety_stoptrainscant
43,42,112,42_lady railroaders_lady_job lady_railroaders lady
44,43,110,43_innings_inning_milkmen_milkmen railroaders
45,44,108,44_createitshareitsavelives_backtrack_stayoffthetracks createitshareitsavelives_sponsor
46,45,107,45_headphones_oneearout_wearing_earbuds
47,46,107,46_monarchs_monarchs railroaders_railroaders monarchs_sweeney
48,47,106,47_fulton_fulton railroaders_miners_baseball club
49,48,104,48_shunting_railtransport_locomotives_supply
50,49,102,49_amp_usrailsafetyweek amp_usrailsafetyweek_amp year
51,50,100,50_snow_winter_weather_temperatures
53,51,99,51_goldeyes_letsgogoldeyes_winnipeg_winnipeg goldeyes
52,52,99,52_notrespassing_abandoned_photography_urbex
54,53,97,53_railroaders win_choochoo_win_choochoo railroaders
55,54,97,54_rissb_australianstandards_newsletter_consultation
56,55,91,55_face_with_tears_of_joy_notrespassing_face_with_tears_of_joy face_with_tears_of_joy_purple_heart
57,56,87,56_model train_ideas model_train club_club model
58,57,86,57_dad_grandfather_family_grandparents
59,58,86,58_brunswick_brunswick railroaders_th grade_knights
60,59,84,59_strike_machinist_railroad machinist_railroaders strikeout
61,60,83,60_hoppers_railroaders letsgohoppers_letsgohoppers_hoppers railroaders
64,65,79,65_checklist_trespassing signs_agchat_signs need
65,62,79,62_women_female_female railroaders_womenshistorymonth
66,61,79,61_cow_face_cow_face locomotive_locomotive railroaders_mid locomotive
63,64,79,64_latest north_american rail_rail news_latest
62,63,79,63_amp safety_amp_programmes_health amp
67,66,78,66_coach_coaches_coach railroaders_players
68,67,77,67_bombers_railroaders bombers_match report_bombers railroaders
69,68,77,68_officers_patrols_trespass_reports
70,69,76,69_wi_altoona_vs altoona_altoona wi
71,70,75,70_benefits_unemployment_retirement_social security
72,71,75,71_truckers_truckers railroaders_workers_trucks
73,72,74,72_railroaders win_win_game railroaders_win railroaders
74,73,73,73_crewe_crewe railroaders_american football_rookie
75,74,70,74_railsafety partnership_partnership_railsafety partners_partners
76,75,69,75_stop_mile_average_mph
80,76,68,76_locomotive thumbs_up_postcard_thumbs_up_thanks teamwork
79,77,68,77_depotprotection_dpps_zonegreen_depot
78,78,68,78_grade_grade crossing_grade crossings_crossings
77,79,68,79_ensco_gt_inspection_gt gt
81,80,67,80_oh_bradford_vs bradford_bradford oh
82,81,66,81_chiefs_chiefs lead_railroaders chiefs_lead chiefs
83,82,65,82_eu_european_germany_railtransport
84,83,64,83_responders_training_emergency response_hazmat
85,84,64,84_deaths_rail related_fatalities_related
86,85,64,85_railroadsafety_railroadsafety railroadsafety_unionpacific_belief railroadsafety
87,86,63,86_railday_railroaders railday_meeting railroaders_discuss freight
88,87,63,87_american_football_locomotive american_football_blue_heart_black_heart
89,88,63,88_lament_railroaders lament_miles_railroaders day
90,89,62,89_backbasics_backbasics railroaders_railroadsafety backbasics_railroadsafety
93,91,61,91_grinning_squinting_face_winking_face_face_with_rolling_eyes_beaming_face_with_smiling_eyes
91,92,61,92_law enforcement_police_enforcement_law
92,90,61,90_csx_csx railroaders_teamcsx_network
94,93,60,93_footba_hoosic_hoosic valley_whitehall
95,94,59,94_jobs_lost jobs_oil_coal
96,95,59,95_cyber_cybersecurity_cyber security_security
97,96,58,96_railroad trespassing_trespassing_trespassing fatalities_year high
98,97,58,97_panthers_panthers railroaders_final score_score
99,98,58,98_gonuts_wingnuts_wichita_gonuts wingnuts
100,99,58,99_redhawks_blackhawks_redhawks railroaders_railroaders redhawks
101,100,57,100_covid_pandemic_coronavirus_supplies
104,104,55,104_whitehall_whitehall railroaders_hoops_class
106,101,55,101_gear_mid locomotive_locomotive gear_multiply
105,102,55,102_attendance policy_attendance_policy_bnsf
103,105,55,105_caol_rail safety_safety partners_thank
102,103,55,103_jumponthetra railroaders_jumponthetra_railroaders win_ninth
107,106,54,106_round_pushpin_alarm_clock pm_ky memo_ovl
109,107,54,107_steam_steam locomotive_railpage steam_events railtransport
108,108,54,108_face_with_tears_of_joy_face_with_tears_of_joy face_with_tears_of_joy_face_with_tears_of_joy railroaders_railroaders face_with_tears_of_joy
110,109,53,109_support railsafety_railsafety thanks_thanks_support
111,110,53,110_safe railroaders_keyser_keyser butler_garrett keyser
112,111,51,111_horn_horns_quiet_train horns
113,112,50,112_vote_voting_vote railroaders_railroaders vote
116,114,49,114_waynoka_okpreps_waynoka railroaders_okpreps waynoka
117,113,49,113_transport_railtransport_china_chinese
115,116,49,116_open house_scarborough model_scarborough_open
114,115,49,115_behaviors_dangerous behaviors_awareness_raise
119,117,48,117_volunteers_volunteer_montana_volunteers like
118,118,48,118_africa_africarail_nigeria_africarail railsafety
120,119,47,119_vs garrett_garrett_vs_garrett vs
121,120,47,120_iot_technology_data_improve
122,121,47,121_house_someones_trespassed_team house
123,122,46,122_ilcad_international level_crossing awareness_awareness day
124,123,46,123_fulton_hoppers_hoptown_fulton railroaders
125,124,45,124_americanassociationdaily_recaps_read americanassociationdaily_americanassociationdaily recaps
126,125,45,125_derailment_railroaders killed_killed runaway_runaway train
127,126,44,126_quieter_faster_faster quieter_trains quieter
128,127,44,127_scale_modeltrains_scale model_modeltrains trains
130,130,43,130_police_car_light_police_car_light police_car_light_gameday police_car_light_police_car_light lady
131,128,43,128_railsafety education_education_education thanks_schools
129,129,43,129_jv_pm_pm jv_pm varsity
132,131,42,131_sparks_sparks railroaders_truckee_sparkspride
133,132,42,132_airhogs_texas airhogs_grand prairie_prairie
134,133,42,133_trains run_run schedule_expect train_train time
135,134,41,134_newton_ks_newton ks_vs newton
136,135,41,135_funwelldone_bones_cut_of_meat_funwelldone cut_of_meat
137,136,41,136_railroaders game_gamechanger_game_games
138,137,40,137_pbesim_railroaders pbesim_rookies_hyped
139,138,40,138_cougars_railroaders cougars_cougars railroaders_end cougars
140,139,39,139_railcats_railroaders railroaders_railroaders railcats_cats
141,140,39,140_ecscores_altoona_cloverbelt_altoona leads
144,142,38,142_motor vehicle_motor_collisions_die
145,141,38,141_police_car_light_police_car_light roster_roster update_update police_car_light
143,144,38,144_basketball_locomotive basketball_locomotive locomotive_locomotive
142,143,38,143_irsc_railsafety seminar_conference montreal_international railsafety
146,145,37,145_md_vs brunswick_brunswick_brunswick md
147,146,37,146_railroad trespassing_grant_trespassing enforcement_grants
148,147,36,147_pledge_railsafety pledge_responsibility encourage_sign railsafety
149,148,36,148_gkbleaders_railroaders gkbleaders_gkbnolimits_railroaders gkbnolimits
150,149,36,149_concert series_concert_summer concert_alive summer
151,150,36,150_red_wear red_wearing red_red railsafety
152,151,36,151_dh_cf_rf_carvin
153,152,36,152_durand_durand railroaders_hornets_railroaders durand
154,153,35,153_sioux city_sioux_city_explorers
155,154,35,154_lifesaver_operation lifesaver_operation_volunteer
159,157,34,157_award_winners_rac_congratulations
157,156,34,156_halloween_happy halloween_jack lantern_lantern
156,158,34,158_museum_memorial museum_railroaders memorial_memorial
158,155,34,155_frederick_frederick high_cadets_brunswick high
162,159,33,159_border_notrespassing_borders_maga
163,160,33,160_dance_nonprofit_equinoxdanceco_frederickmd
160,161,33,161_victory recap_recap_innings_victory
161,162,33,162_images railroaders_john gruber_gruber_images
165,165,32,165_contact_players_come join_looking new
166,166,32,166_utah railroaders_utah_pbesim_utahrailroaders
167,167,32,167_selfie_selfie tracks_stayoffthetracks_sweet selfie
168,168,32,168_delighted support_network rail_soccer_ball_partnerships community
169,163,32,163_hoppers_railroaders hoppers_hoppers railroaders_hoppersafter
164,164,32,164_croydon_crash_seasoned locomotive_tram crash
174,171,31,171_notrespassing_fresno_fresno city_dmoff
177,169,31,169_save life_railsafety saves_saves lives_life
176,170,31,170_distracted_driving_distracted driving_distractions
175,172,31,172_flash_flash railroaders_railroaders high_voltage_high_voltage
172,175,31,175_cape_cape town_arrivealive_western cape
173,174,31,174_loudly_crying_face_loudly_crying_face loudly_crying_face_railroaders loudly_crying_face_loudly_crying_face railroaders
171,176,31,176_railsafety railroadtracks_railroadtracks stoptracktragedies_railroadtracks_covered railsafety
170,173,31,173_congrats_railroaders congrats_congratulations_railroaders congratulations
182,182,30,182_birds_birds railroaders_wholenewballgame_canaries
186,177,30,177_baseba_whitehall_patch_ethan patch
185,178,30,178_dogs_dog_railroaders dogs_dogs railroaders
184,179,30,179_knights_knights railroaders_quarter knights_railroaders knights
183,180,30,180_youthsafety_visiblepolicing_ekse_education information
181,183,30,183_fumble_touchdown_fumble railroaders_quarter
180,184,30,184_youtube click_linkinbio_notrespassing official_music video
179,185,30,185_palmeiro_rafael palmeiro_rafael_independent
178,181,30,181_cn_railroaders community_cn railroaders_better places
187,186,29,186_railroaders thank_thank_thanks railroaders_thank railroaders
188,187,29,187_search cleburne_search_tune_app search
189,188,29,188_marching_marching railroaders_durand marching_durand
190,189,29,189_fucked_getting fucked_getting_fucked railroaders
191,190,29,190_flash_henderson flash_henderson_fulton railroaders
192,191,29,191_christmas_tree_christmas_merry christmas_amp happy
197,192,28,192_video playlist_added video_playlist_video
196,193,28,193_softball_railroaders softball_lady_lady railroaders
195,194,28,194_crossing trespassing_trespassing incidents_seriously injured_incidents
194,195,28,195_stuck_white emergency_gets stuck_blue white
193,196,28,196_swimming diving_tonight swimming_diving meets_swimming
198,197,27,197_curve_horseshoe curve_horseshoe_museum horseshoe
199,198,27,198_gorailroaders_gorailroaders wpg_wpg_gorailroaders railroaders
200,199,27,199_aslrra_platinum_platinum sponsor_generation
201,200,27,200_presale_tickets_cleburne_railroaders stadium
202,201,27,201_weekend_enjoy weekend_drink_decisions
203,202,27,202_safety week_safe railway_crossings_safe
204,203,27,203_trump_impeachment_injustice flipped_republicans suddenly
205,204,27,204_canaries_canaries canaries_past canaries_canaries fall
206,205,27,205_obama_democrats_trump_dems
211,209,26,209_flames_tkachuk_kassian_boa
213,208,26,208_vintage_metal_sign_vintage sign
212,206,26,206_rbi_rbi single_single_rbi double
208,212,26,212_thanksgiving_happy thanksgiving_thanksgiving railroaders_dinner
210,207,26,207_caol_caol team_jim_brian
207,210,26,210_ellis_ks_vs ellis_ellis ks
209,211,26,211_story railroaders_story_especially fellow_book railroaders
218,218,25,218_teen_driving_teen driver_rules road
222,213,25,213_pontyclun_pontyclun station_prizes_team pontyclun
221,214,25,214_locomotive locomotive_railroaders locomotive_locomotive_locomotive vote
220,215,25,215_swimming amp_amp diving_diving_swimming
219,216,25,216_choochoo radio_radio_choochoo_radio ready
217,219,25,219_explorers_apollos_explorers railroaders_railroaders past
216,220,25,220_saints_railroaders saints_saints loss_complete highlights
215,221,25,221_boar_locomotive boar_boar railroaders_boar locomotive
214,217,25,217_patriots_patriots railroad_pantera_pantera officially
228,230,24,230_herington_vs herington_ks_herington ks
233,223,24,223_simpson_chase simpson_chase_simpson drives
232,224,24,224_shirt_hoodie_tshirts_no_bicycles
230,225,24,225_drivers_new drivers_drivers pedestrians_tips drivers
229,226,24,226_going gone_going going_gone_going
231,222,24,222_peanuts_peanuts locomotive_eighth peanuts_harman
227,228,24,228_wwii_war_military_army
226,229,24,229_railroaders baseball_baseball_baseball railem_baseball depot
223,227,24,227_winter_winter railsafety_great winter_railsafety reminder
225,231,24,231_coastal_coastal railroaders_carolina coastal_carolina
224,232,24,232_tropical_fish_tropical_fish locomotive_locomotive railroaders_fish
245,233,23,233_baby_chick_locomotive baby_chick_mid locomotive_baby_chick railroaders
244,234,23,234_carlin_nv_carlin nv_vs carlin
243,235,23,235_covid_coronavirus_railsafety covid_coronavirus covid
242,236,23,236_notrespassing signs_signs_notrespassing_notrespassing sign
241,237,23,237_vikings whitehall_sechoops_sechoops classdboys_classdboys
240,238,23,238_whistle_schedule whistle_set schedule_follow set
239,239,23,239_man crews_safe railroaders_crews_railroading dangerous
238,240,23,240_webinar_register_register today_today railsafety
237,241,23,241_newton high_school railroaders_basketball newton_newton
236,242,23,242_nv_vs sparks_sparks_sparks nv
235,243,23,243_airhogs_airhogs railroaders_railroaders airhogs_airhogs pitching
234,244,23,244_railroaders athletics_athletics_thorpe_jim thorpe
253,251,22,251_soc_soc sec_sec_windfall
258,245,22,245_face_with_tears_of_joy stayoffthetracks_face_with_tears_of_joy_stayoffthetracks_eyes
257,246,22,246_golden spike_golden_spike_railpage golden
256,247,22,247_congratulations_perfect attendance_attendance winners_great assembly
255,248,22,248_ens_ens sign_emergency_emergency notification
254,249,22,249_halftime_railroaders halftime_halftime score_halftime smithsburg
259,250,22,250_vr_virtual reality_reality_virtual
252,258,22,258_sick_sick days_california_railroaders sick
250,254,22,254_letsgohoppers_hoppers_railroaders letsgohoppers_fulton
249,255,22,255_rolling_on_the_floor_laughing_rolling_on_the_floor_laughing rolling_on_the_floor_laughing_railroaders rolling_on_the_floor_laughing_exclamation_question_mark
248,256,22,256_buckaroos_buckaroos railroaders_balls strikes_balls
247,257,22,257_safe railsafety_railsafety stay_stay_stay safe
246,252,22,252_proud_railroaders locomotive_proud railroaders_students
251,253,22,253_funding_minister garneau_minister_garneau
262,263,21,263_wrestling_garrett wrestling_garrett_wrestlers
263,260,21,260_wrestling_wrestlers_railroaders wrestling_sparks railroaders
264,259,21,259_location stayoffthetracks_tracks location_location_movie
261,262,21,262_ny_whitehall_vs whitehall_whitehall ny
260,261,21,261_mascots_school mascot_mascot_nicknames
265,264,20,264_vaccine_vaccinated_mandated_covid vaccine
266,265,20,265_farmers_ontario farmers_ofa_farmproperty
267,266,20,266_read press_icc_release visit_press release
268,267,20,267_mi_durand_vs durand_mi varsity
269,268,20,268_slower_trains appear_traveling slower_speed
270,269,20,269_bike_bicycle_bike month_possible walk
276,279,19,279_cpproud_frontline_service providers_providers
281,273,19,273_hydrogen_fuel_hydrogenfuel_fuel cell
279,271,19,271_lineup_starting lineup_jumponthetrain_lineup railroaders
278,272,19,272_batory_administrator_awareness_railsafety awareness
277,274,19,274_train services_banihal_railtransport railway_kashmir
280,270,19,270_poster_posters_th anniversary_mackinac
275,276,19,276_paul_paul saints_saints_st paul
273,278,19,278_angola_hornets_angola garrett_garrett
272,280,19,280_prizes railsafety_win prizes_prizes_come pay
271,275,19,275_fundraiser_coast railroaders_railroaders group_west coast
274,277,19,277_old west_time life_life books_books
287,283,18,283_faster_train trains_stop_faster think
289,281,18,281_hoppers_railroaders hoppers_inning hoppers_inning
288,282,18,282_jeffcoat_mike jeffcoat_manager_watkins
286,284,18,284_brunswick_brandon wells_touchdown_play
285,285,18,285_milkmen_milkmen railroaders_railroaders milkmen_thmilkmen
284,287,18,287_palmerio_rafeal_palmero_rafael palmerio
283,288,18,288_pitching change_change railroaders_mound pitching_railroaders send
282,286,18,286_virginiascraftchest_securitysign_notrespassingsign_notrespassing securitysign
296,294,17,294_payday_refuse deliver_fighting_produce
300,289,17,289_double_exclamation_mark_white_circle_white_circle blue_circle_blue_circle white_circle
299,290,17,290_zealand_new zealand_australia new_rsw
298,292,17,292_safetytiptuesday_safetytiptuesday railsafety_happy safetytiptuesday_water
297,293,17,293_aluminum security_sign virginiascraftchest_security sign_notrespassingsign privatepropertysign
292,298,17,298_bulls_birmingham bulls_railroadersvsbulls_birmingham
295,291,17,291_behaviour railsafety_safe railways_railsafety practice_safe
294,296,17,296_sportsengine_iscore sportsengine_iscore_sportsengine railroaders
293,297,17,297_sign_trespassing_notrespassing_trespassing sign
291,299,17,299_morning railroaders_good morning_morning_announcements
290,295,17,295_cfnr_caol_drivers_caol team
315,305,16,305_competence_competence management_competencemanagement_acmsrail
308,313,16,313_seetracksthink_railsafety reminder_seetracksthink stayoffthetracks_passiton
313,301,16,301_sleep_fatigue_guide healthy_healthy sleep
312,302,16,302_disability_railtransport disability_disabilities_passengerrights
311,303,16,303_innovations showcase_irj innovations_irj_railpage irj
310,304,16,304_bones_railroaders bones_bones railroaders_rain railroaders
309,306,16,306_red_heart blue_heart_locomotive locomotive_wishing amp_luck amp
314,300,16,300_drones_drone_investigations railsafety_deploying enhance
307,308,16,308_years cuts_rift railroaders_tackles rift_rail ceo
305,310,16,310_forget railroaders_forget_don forget_railroaders don
304,311,16,311_halftime_railroaders halftime_garrett_casselman
303,312,16,312_remove headphones_headphones_remove_headphones near
302,307,16,307_kiln park_kiln_didntseeitcoming staysafe_staysafe stayoffthetracks
301,314,16,314_electricity_high_voltage_electricity jump_overhead
306,309,16,309_looklistenlive_looklistenlive railsafety_rsw looklistenlive_rsw
332,315,15,315_half_half railroaders_railroaders half_surge railroaders
329,316,15,316_save minutes_heed railway_crossings heed_look amp
330,317,15,317_ft_britball_britball fulltime_nfcsouth
331,318,15,318_ottensmeyer_creel_keith creel_pat ottensmeyer
336,323,15,323_gmv_railtransport gmv_inteligenttransportationsystems railtransport_inteligenttransportationsystems
333,320,15,320_hander_read story_right hander_alexander
334,321,15,321_rally_rally falls_falls short_railroaders rally
335,322,15,322_rtsa_australia railpage_railpage_australia
326,327,15,327_softball_division iv_softball state_state championships
327,324,15,324_skull_skull skull_skull_and_crossbones_railroaders skull
328,319,15,319_stallions_stallions railroaders_railroaders stallions_game stallions
325,326,15,326_bus_bus drivers_school bus_drivers
320,335,15,335_mountain view_waynoka_ok_mountain
317,328,15,328_christmas_merry christmas_merry_christmas railroaders
318,329,15,329_love_people love_railroaders love_planners
319,330,15,330_snow_cloud_with_snow_enjoy snow_cloud_with_snow cloud_with_snow
316,331,15,331_reminder_railsafety reminder_reminder mind_important railsafety
321,332,15,332_evsd_bradford evsd_thanks stay_safe railroaders
322,333,15,333_whiteha comments_answer read_try answer_check dude
323,334,15,334_mascot_seetracksthinktrain mascot_whereisst_seetracksthinktrain whereisst
324,325,15,325_hernandez_martinez_railroaders victory_cesar hernandez
349,347,14,347_football_college_school football_railroaders football
359,345,14,345_forget railroaders_cuba_forget_fix
358,344,14,344_hours person_person vehicle_vehicle hit_hit train
357,343,14,343_rsw_remember rsw_rsw important_rsw great
356,342,14,342_greenwave_fallon greenwave_fallon_railroaders fallon
355,338,14,338_bikini_notrespassing_words_jump
354,340,14,340_railroaders game_joe torre_torre_going cleburne
353,339,14,339_chuggington_activities rail_rail safety_safety activities
352,346,14,346_norfolk_norfolk southern_big thank_horn honor
351,336,14,336_truck drivers_gratitude_truck_moving canadians
350,341,14,341_backhand_index_pointing_down_backhand_index_pointing_down backhand_index_pointing_down_backhand_index_pointing_right_tips backhand_index_pointing_right
338,358,14,358_environmental_environmental achievement_achievement_railroaders earn
348,337,14,337_grampian model_grampian_model railroaders_exhibition
342,354,14,354_crossing summit_summit_summit starting_live tweet
337,348,14,348_cleveland_cleveland railroaders_underground railroad_underground
347,349,14,349_message save_save lives_lives_railsafety message
340,356,14,356_commitment railsafety_commitment_sharing commitment_thank commitment
341,355,14,355_delano_jack delano_homefront_delano homefront
339,357,14,357_railroaders grand_grand_grand fuck_funk railroaders
343,353,14,353_conference amp_railsafety products_worker protection_zoneguard
344,352,14,352_up_newspaper_rolled up_newspaper_rolled_rfamily rolled
345,351,14,351_temple_central texas_texas area_area model
346,350,14,350_scholarship_aspiring young_stempeck_aspiring
368,366,13,366_latest railways_railways thanks_uguisudani tokyo_uguisudani
374,365,13,365_mrrobertsonsneighborhood_join general_join join_general manager
373,359,13,359_rva_visionzero_railsafety visionzero_rva railsafety
372,360,13,360_atsdr_properties buildings_abandoned properties_properties
371,361,13,361_tigers_railroaders tigers_lions_alligators
370,363,13,363_railroaders win_axel_axel johnson_win
369,364,13,364_occupational health_occupational_health_british safety
363,371,13,371_braking_brakes_ecp_brake
367,362,13,362_railsafety forever_annual railsafetyweek_forever seetracksthinktrain_railsafetyweek
365,369,13,369_rbt_railroaders rbt_rbt good_rbt rbt
364,370,13,370_private_private property_property_notrespassing private
362,372,13,372_agent_agent conditions_agent send_free agent
361,373,13,373_amp amp_incl_books incl_wild west
360,367,13,367_poll_answer_poll correct_posted tomorrow
366,368,13,368_purple_paint_purple paint_purplepaint
380,378,12,378_elko_county girls_elko county_girls softball
384,374,12,374_lesley doyle_doyle_lesley_doyle uk
383,375,12,375_train event_officer train_officer_event
382,376,12,376_foamers_foamer_mouth_foam
381,377,12,377_kahoot_kahoot challenge_bridgend_safety kahoot
379,380,12,380_thoughts prayers_hunter harrison_prayers_harrison
378,381,12,381_aa baseball_aa_baseball innings_sioux falls
377,382,12,382_kansas_newton_home railroaders_welcome newton
376,383,12,383_frsx_accidentprevention_client_accidentprevention assisteddrivingsystems
375,379,12,379_valentine_valentine day_happy valentine_railsafety heart
396,394,11,394_railway supply_supply_railway magazine_magazine railway
405,393,11,393_vaccine_come spewing_spewing_vaccinated
404,384,11,384_horizons_leadership_horizons program_innovation leadership
403,385,11,385_fela_injured_felalaw_railroad job
402,386,11,386_signs devices_devices mean_mean difference_difference life
401,387,11,387_canyon state_grand canyon_state model_canyon
400,388,11,388_railroaders arrows_arrows_score railroaders_extra point
399,389,11,389_railsafety improvement_improvement program_improvement_program
398,390,11,390_takeabite_railroaders takeabite_dogs_rbi
397,392,11,392_kelly railroaders_boxcar kelly_kelly_boxcar
392,398,11,398_psr_scheduled railroading_andrew sandberg_sandberg
395,391,11,391_podcast_episodes_featured_years try
393,397,11,397_linda_caol team_nationalbikemonth_passini
391,399,11,399_railroaders chargers_balls strikes_balls_chargers
390,400,11,400_gatx_thank gatx_gatx teaching_safety train
389,401,11,401_railsafety psa_psa_latest railsafety_psa story
388,402,11,402_glasser_mitch_mitch glasser_glasser wins
387,403,11,403_onthisday thisdayinhistory_thisdayinhistory_onthisday_otd onthisday
386,404,11,404_zazzle_care damage_central railroaders_railroaders care
385,395,11,395_planner daily_angeles baby_baby planner_latest los
394,396,11,396_cancer_regarding season_announcements regarding_announcements
411,405,10,405_tampering rail_tampering_make extremely_stop unexpected
415,406,10,406_shortcut_using shortcut_shortcuts_tracks using
414,407,10,407_rbt_big division_memorial field_field friday
413,408,10,408_sparks high_sparks_battalion_sparks hs
412,409,10,409_railroaders week_weeks railroaders_congratulations weeks_pictured
406,410,10,410_episode_railroaders episode_meet canadian_rockymountainrailroad
410,411,10,411_wife_railroaders wife_divorce rate_divorce
409,412,10,412_risky_railsafety youvstrain_railsafety tracksafety_tracksafety
408,413,10,413_pledge_safety pledge_railsafety signing_commitment shared
407,414,10,414_happy mother_mother day_mother_mothersday
416,415,10,415_angola_lady railroaders_lady_tonight angola
